{
	"credit": "Made with Blockbench",
	"textures": {
		"0": "#shell",
		"1": "#light",
		"particle": "#shell"
	},
	"elements": [
		{
			"from": [2, 3, 4],
			"to": [3, 7, 12],
			"rotation": {"angle": 0, "axis": "y", "origin": [2.5, 3.5, 7.5]},
			"faces": {
				"north": {"uv": [11, 12, 12, 16], "texture": "#0"},
				"east": {"uv": [2, 12, 10, 16], "texture": "#0"},
				"south": {"uv": [0, 12, 1, 16], "texture": "#0"},
				"west": {"uv": [2, 12, 10, 16], "texture": "#0"},
				"up": {"uv": [2, 15, 10, 16], "rotation": 90, "texture": "#0"},
				"down": {"uv": [2, 15, 10, 16], "rotation": 90, "texture": "#0"}
			}
		},
		{
			"from": [4, 3, 2],
			"to": [12, 7, 3],
			"rotation": {"angle": 0, "axis": "y", "origin": [8.5, 3.5, 11.5]},
			"faces": {
				"north": {"uv": [2, 12, 10, 16], "texture": "#0"},
				"east": {"uv": [11, 12, 12, 16], "texture": "#0"},
				"south": {"uv": [2, 12, 10, 16], "texture": "#0"},
				"west": {"uv": [0, 12, 1, 16], "texture": "#0"},
				"up": {"uv": [2, 15, 10, 16], "texture": "#0"},
				"down": {"uv": [2, 15, 10, 16], "texture": "#0"}
			}
		},
		{
			"from": [13, 3, 4],
			"to": [14, 7, 12],
			"rotation": {"angle": 0, "axis": "y", "origin": [13.5, 3.5, 7.5]},
			"faces": {
				"north": {"uv": [0, 12, 1, 16], "texture": "#0"},
				"east": {"uv": [2, 12, 10, 16], "texture": "#0"},
				"south": {"uv": [11, 12, 12, 16], "texture": "#0"},
				"west": {"uv": [2, 12, 10, 16], "texture": "#0"},
				"up": {"uv": [2, 15, 10, 16], "rotation": 90, "texture": "#0"},
				"down": {"uv": [2, 15, 10, 16], "rotation": 90, "texture": "#0"}
			}
		},
		{
			"from": [12, 7, 4],
			"to": [13, 10, 12],
			"rotation": {"angle": 0, "axis": "y", "origin": [12.5, 7.5, 7.5]},
			"faces": {
				"north": {"uv": [1, 9, 2, 12], "texture": "#0"},
				"east": {"uv": [2, 9, 10, 12], "texture": "#0"},
				"south": {"uv": [10, 9, 11, 12], "texture": "#0"},
				"west": {"uv": [2, 9, 10, 12], "texture": "#0"},
				"up": {"uv": [2, 9, 10, 10], "rotation": 90, "texture": "#0"},
				"down": {"uv": [2, 9, 10, 10], "rotation": 90, "texture": "#0"}
			}
		},
		{
			"from": [11, 10, 4],
			"to": [12, 12, 12],
			"rotation": {"angle": 0, "axis": "y", "origin": [11.5, 10.5, 7.5]},
			"faces": {
				"north": {"uv": [2, 7, 3, 9], "texture": "#0"},
				"east": {"uv": [2, 7, 10, 9], "texture": "#0"},
				"south": {"uv": [9, 7, 10, 9], "texture": "#0"},
				"west": {"uv": [2, 7, 10, 9], "texture": "#0"},
				"up": {"uv": [15, 0, 16, 8], "texture": "#0"},
				"down": {"uv": [2, 7, 10, 8], "rotation": 90, "texture": "#0"}
			}
		},
		{
			"from": [4, 7, 12],
			"to": [12, 10, 13],
			"rotation": {"angle": 0, "axis": "y", "origin": [8.5, 7.5, 3.5]},
			"faces": {
				"north": {"uv": [2, 9, 10, 12], "texture": "#0"},
				"east": {"uv": [1, 9, 2, 12], "texture": "#0"},
				"south": {"uv": [2, 9, 10, 12], "texture": "#0"},
				"west": {"uv": [10, 9, 11, 12], "texture": "#0"},
				"up": {"uv": [2, 11, 10, 12], "texture": "#0"},
				"down": {"uv": [2, 11, 10, 12], "texture": "#0"}
			}
		},
		{
			"from": [3, 7, 4],
			"to": [4, 10, 12],
			"rotation": {"angle": 0, "axis": "y", "origin": [3.5, 7.5, 7.5]},
			"faces": {
				"north": {"uv": [10, 9, 11, 12], "texture": "#0"},
				"east": {"uv": [2, 9, 10, 12], "texture": "#0"},
				"south": {"uv": [1, 9, 2, 12], "texture": "#0"},
				"west": {"uv": [2, 9, 10, 12], "texture": "#0"},
				"up": {"uv": [2, 9, 10, 10], "rotation": 90, "texture": "#0"},
				"down": {"uv": [2, 9, 10, 10], "rotation": 90, "texture": "#0"}
			}
		},
		{
			"from": [4, 10, 4],
			"to": [5, 12, 12],
			"rotation": {"angle": 0, "axis": "y", "origin": [4.5, 10.5, 7.5]},
			"faces": {
				"north": {"uv": [2, 7, 3, 9], "texture": "#0"},
				"east": {"uv": [2, 7, 10, 9], "texture": "#0"},
				"south": {"uv": [9, 7, 10, 9], "texture": "#0"},
				"west": {"uv": [2, 7, 10, 9], "texture": "#0"},
				"up": {"uv": [13, 0, 14, 8], "texture": "#0"},
				"down": {"uv": [2, 7, 10, 8], "rotation": 90, "texture": "#0"}
			}
		},
		{
			"from": [5, 10, 4],
			"to": [11, 12, 5],
			"rotation": {"angle": 0, "axis": "y", "origin": [8.5, 10.5, 4.5]},
			"faces": {
				"north": {"uv": [3, 7, 9, 9], "texture": "#0"},
				"east": {"uv": [8, 7, 9, 9], "texture": "#0"},
				"south": {"uv": [3, 7, 9, 9], "texture": "#0"},
				"west": {"uv": [3, 7, 4, 9], "texture": "#0"},
				"up": {"uv": [6, 0, 12, 1], "texture": "#0"},
				"down": {"uv": [3, 7, 9, 8], "texture": "#0"}
			}
		},
		{
			"from": [5, 10, 11],
			"to": [11, 12, 12],
			"rotation": {"angle": 0, "axis": "y", "origin": [8.5, 10.5, 11.5]},
			"faces": {
				"north": {"uv": [3, 7, 9, 9], "texture": "#0"},
				"east": {"uv": [3, 7, 4, 9], "texture": "#0"},
				"south": {"uv": [3, 7, 9, 9], "texture": "#0"},
				"west": {"uv": [8, 7, 9, 9], "texture": "#0"},
				"up": {"uv": [6, 0, 12, 1], "texture": "#0"},
				"down": {"uv": [3, 7, 9, 8], "texture": "#0"}
			}
		},
		{
			"from": [5, 10, 9],
			"to": [11, 12, 10],
			"rotation": {"angle": 0, "axis": "y", "origin": [8.5, 10.5, 9.5]},
			"faces": {
				"north": {"uv": [6, 1, 12, 3], "texture": "#0"},
				"east": {"uv": [6, 1, 7, 3], "texture": "#0"},
				"south": {"uv": [6, 1, 12, 3], "texture": "#0"},
				"west": {"uv": [11, 1, 12, 3], "texture": "#0"},
				"up": {"uv": [6, 0, 12, 1], "texture": "#0"},
				"down": {"uv": [6, 0, 12, 1], "texture": "#0"}
			}
		},
		{
			"from": [5, 10, 6],
			"to": [11, 12, 7],
			"rotation": {"angle": 0, "axis": "y", "origin": [8.5, 10.5, 6.5]},
			"faces": {
				"north": {"uv": [6, 1, 12, 3], "texture": "#0"},
				"east": {"uv": [6, 1, 7, 3], "texture": "#0"},
				"south": {"uv": [6, 1, 12, 3], "texture": "#0"},
				"west": {"uv": [11, 1, 12, 3], "texture": "#0"},
				"up": {"uv": [6, 0, 12, 1], "texture": "#0"},
				"down": {"uv": [6, 0, 12, 1], "texture": "#0"}
			}
		},
		{
			"from": [7, 8, 7],
			"to": [9, 16, 9],
			"rotation": {"angle": 0, "axis": "y", "origin": [8.5, 10.5, 7.5]},
			"faces": {
				"north": {"uv": [13, 0, 15, 8], "texture": "#1"},
				"east": {"uv": [13, 0, 15, 8], "texture": "#1"},
				"south": {"uv": [13, 0, 15, 8], "texture": "#1"},
				"west": {"uv": [13, 0, 15, 8], "texture": "#1"},
				"up": {"uv": [13, 0, 15, 2], "rotation": 270, "texture": "#1"},
				"down": {"uv": [13, 0, 15, 2], "rotation": 90, "texture": "#1"}
			}
		},
		{
			"from": [6, 4, 6],
			"to": [10, 8, 10],
			"rotation": {"angle": 0, "axis": "y", "origin": [8.5, 2.5, 7.5]},
			"faces": {
				"north": {"uv": [0, 5, 4, 9], "texture": "#1"},
				"east": {"uv": [0, 5, 4, 9], "texture": "#1"},
				"south": {"uv": [0, 5, 4, 9], "texture": "#1"},
				"west": {"uv": [0, 5, 4, 9], "texture": "#1"},
				"up": {"uv": [0, 0, 4, 4], "rotation": 270, "texture": "#1"},
				"down": {"uv": [0, 10, 4, 14], "rotation": 90, "texture": "#1"}
			}
		},
		{
			"from": [4, 7, 3],
			"to": [12, 10, 4],
			"rotation": {"angle": 0, "axis": "y", "origin": [8.5, 7.5, 3.5]},
			"faces": {
				"north": {"uv": [2, 9, 10, 12], "texture": "#0"},
				"east": {"uv": [10, 9, 11, 12], "texture": "#0"},
				"south": {"uv": [2, 9, 10, 12], "texture": "#0"},
				"west": {"uv": [1, 9, 2, 12], "texture": "#0"},
				"up": {"uv": [2, 9, 10, 10], "texture": "#0"},
				"down": {"uv": [2, 9, 10, 10], "texture": "#0"}
			}
		},
		{
			"from": [12, 3, 12],
			"to": [13, 7, 13],
			"rotation": {"angle": 0, "axis": "y", "origin": [12.5, 3.5, 8.5]},
			"faces": {
				"north": {"uv": [1, 12, 2, 16], "texture": "#0"},
				"east": {"uv": [1, 12, 2, 16], "texture": "#0"},
				"south": {"uv": [10, 12, 11, 16], "texture": "#0"},
				"west": {"uv": [10, 12, 11, 16], "texture": "#0"},
				"up": {"uv": [1, 12, 2, 13], "texture": "#0"},
				"down": {"uv": [1, 15, 2, 16], "texture": "#0"}
			}
		},
		{
			"from": [3, 3, 12],
			"to": [4, 7, 13],
			"rotation": {"angle": 0, "axis": "y", "origin": [3.5, 3.5, 8.5]},
			"faces": {
				"north": {"uv": [10, 12, 11, 16], "texture": "#0"},
				"east": {"uv": [1, 12, 2, 16], "texture": "#0"},
				"south": {"uv": [1, 12, 2, 16], "texture": "#0"},
				"west": {"uv": [10, 12, 11, 16], "texture": "#0"},
				"up": {"uv": [1, 12, 2, 13], "texture": "#0"},
				"down": {"uv": [1, 15, 2, 16], "texture": "#0"}
			}
		},
		{
			"from": [12, 3, 3],
			"to": [13, 7, 4],
			"rotation": {"angle": 0, "axis": "y", "origin": [12.5, 3.5, -0.5]},
			"faces": {
				"north": {"uv": [1, 12, 2, 16], "texture": "#0"},
				"east": {"uv": [10, 12, 11, 16], "texture": "#0"},
				"south": {"uv": [10, 12, 11, 16], "texture": "#0"},
				"west": {"uv": [1, 12, 2, 16], "texture": "#0"},
				"up": {"uv": [1, 12, 2, 13], "texture": "#0"},
				"down": {"uv": [1, 15, 2, 16], "texture": "#0"}
			}
		},
		{
			"from": [3, 3, 3],
			"to": [4, 7, 4],
			"rotation": {"angle": 0, "axis": "y", "origin": [3.5, 3.5, -0.5]},
			"faces": {
				"north": {"uv": [10, 12, 11, 16], "texture": "#0"},
				"east": {"uv": [10, 12, 11, 16], "texture": "#0"},
				"south": {"uv": [1, 12, 2, 16], "texture": "#0"},
				"west": {"uv": [1, 12, 2, 16], "texture": "#0"},
				"up": {"uv": [1, 12, 2, 13], "texture": "#0"},
				"down": {"uv": [1, 15, 2, 16], "texture": "#0"}
			}
		},
		{
			"from": [4, 3, 13],
			"to": [12, 7, 14],
			"rotation": {"angle": 0, "axis": "y", "origin": [8.5, 3.5, 13.5]},
			"faces": {
				"north": {"uv": [2, 12, 10, 16], "texture": "#0"},
				"east": {"uv": [0, 12, 1, 16], "texture": "#0"},
				"south": {"uv": [2, 12, 10, 16], "texture": "#0"},
				"west": {"uv": [11, 12, 12, 16], "texture": "#0"},
				"up": {"uv": [2, 15, 10, 16], "texture": "#0"},
				"down": {"uv": [2, 15, 10, 16], "texture": "#0"}
			}
		}
	]
}