{
	"credit": "Made with Blockbench",
	"ambientocclusion": false,
	"textures": {
		"0": "#outer_ring",
		"1": "#bottom_piece",
		"particle": "#outer_ring"
	},
	"elements": [
		{
			"from": [1, 9, 4],
			"to": [2, 15, 12],
			"rotation": {"angle": 0, "axis": "y", "origin": [9, 17, 12]},
			"faces": {
				"north": {"uv": [0, 0, 1, 6], "texture": "#0"},
				"east": {"uv": [2, 0, 12, 6], "texture": "#0"},
				"south": {"uv": [0, 0, 1, 6], "texture": "#0"},
				"west": {"uv": [2, 0, 12, 6], "texture": "#0"},
				"up": {"uv": [2, 0, 12, 1], "rotation": 90, "texture": "#0"},
				"down": {"uv": [2, 0, 12, 1], "rotation": 90, "texture": "#0"}
			}
		},
		{
			"from": [4, 9, 1],
			"to": [12, 15, 2],
			"rotation": {"angle": 0, "axis": "y", "origin": [8, 17, 8]},
			"faces": {
				"north": {"uv": [2, 0, 12, 6], "texture": "#0"},
				"east": {"uv": [0, 0, 1, 6], "texture": "#0"},
				"south": {"uv": [2, 0, 12, 6], "texture": "#0"},
				"west": {"uv": [0, 0, 1, 6], "texture": "#0"},
				"up": {"uv": [2, 0, 12, 1], "texture": "#0"},
				"down": {"uv": [2, 5, 12, 6], "texture": "#0"}
			}
		},
		{
			"from": [14, 9, 4],
			"to": [15, 15, 12],
			"rotation": {"angle": 0, "axis": "y", "origin": [22, 17, 12]},
			"faces": {
				"north": {"uv": [0, 0, 1, 6], "texture": "#0"},
				"east": {"uv": [2, 0, 12, 6], "texture": "#0"},
				"south": {"uv": [0, 0, 1, 6], "texture": "#0"},
				"west": {"uv": [2, 0, 12, 6], "texture": "#0"},
				"up": {"uv": [2, 0, 12, 1], "rotation": 90, "texture": "#0"},
				"down": {"uv": [2, 5, 12, 6], "rotation": 90, "texture": "#0"}
			}
		},
		{
			"from": [4, 9, 14],
			"to": [12, 15, 15],
			"rotation": {"angle": 0, "axis": "y", "origin": [8, 17, 8]},
			"faces": {
				"north": {"uv": [2, 0, 12, 6], "texture": "#0"},
				"east": {"uv": [11, 0, 12, 6], "texture": "#0"},
				"south": {"uv": [2, 0, 12, 6], "texture": "#0"},
				"west": {"uv": [2, 0, 3, 6], "texture": "#0"},
				"up": {"uv": [2, 0, 12, 1], "texture": "#0"},
				"down": {"uv": [2, 5, 12, 6], "texture": "#0"}
			}
		},
		{
			"from": [12, 9, 13],
			"to": [14, 15, 14],
			"rotation": {"angle": 0, "axis": "y", "origin": [10, 17, 7]},
			"faces": {
				"north": {"uv": [0, 0, 2, 6], "texture": "#0"},
				"east": {"uv": [0, 0, 1, 6], "texture": "#0"},
				"south": {"uv": [12, 0, 14, 6], "texture": "#0"},
				"west": {"uv": [0, 0, 1, 6], "texture": "#0"},
				"up": {"uv": [12, 0, 14, 1], "texture": "#0"},
				"down": {"uv": [12, 5, 14, 6], "texture": "#0"}
			}
		},
		{
			"from": [2, 9, 2],
			"to": [4, 15, 3],
			"rotation": {"angle": 0, "axis": "y", "origin": [8, 17, 8]},
			"faces": {
				"north": {"uv": [12, 0, 14, 6], "texture": "#0"},
				"east": {"uv": [0, 0, 1, 6], "texture": "#0"},
				"south": {"uv": [0, 0, 2, 6], "texture": "#0"},
				"west": {"uv": [0, 0, 1, 6], "texture": "#0"},
				"up": {"uv": [12, 0, 14, 1], "texture": "#0"},
				"down": {"uv": [12, 5, 14, 6], "texture": "#0"}
			}
		},
		{
			"from": [2, 9, 12],
			"to": [3, 15, 14],
			"rotation": {"angle": 0, "axis": "y", "origin": [8, 17, 8]},
			"faces": {
				"north": {"uv": [0, 0, 1, 6], "texture": "#0"},
				"east": {"uv": [0, 0, 2, 6], "texture": "#0"},
				"south": {"uv": [0, 0, 1, 6], "texture": "#0"},
				"west": {"uv": [12, 0, 14, 6], "texture": "#0"},
				"up": {"uv": [0, 0, 1, 2], "rotation": 180, "texture": "#0"},
				"down": {"uv": [0, 5, 2, 6], "rotation": 90, "texture": "#0"}
			}
		},
		{
			"from": [13, 9, 2],
			"to": [14, 15, 4],
			"rotation": {"angle": 0, "axis": "y", "origin": [8, 17, 8]},
			"faces": {
				"north": {"uv": [0, 0, 1, 6], "texture": "#0"},
				"east": {"uv": [0, 0, 2, 6], "texture": "#0"},
				"south": {"uv": [0, 0, 1, 6], "texture": "#0"},
				"west": {"uv": [0, 0, 2, 6], "texture": "#0"},
				"up": {"uv": [0, 0, 2, 1], "rotation": 90, "texture": "#0"},
				"down": {"uv": [0, 5, 2, 6], "rotation": 90, "texture": "#0"}
			}
		},
		{
			"from": [13, 9, 12],
			"to": [14, 15, 13],
			"rotation": {"angle": 0, "axis": "y", "origin": [10, 17, 6]},
			"faces": {
				"north": {"uv": [1, 0, 2, 6], "texture": "#0"},
				"east": {"uv": [1, 0, 2, 6], "texture": "#0"},
				"south": {"uv": [0, 0, 1, 6], "texture": "#0"},
				"west": {"uv": [12, 0, 13, 6], "texture": "#0"},
				"up": {"uv": [1, 0, 2, 1], "rotation": 90, "texture": "#0"},
				"down": {"uv": [1, 5, 2, 6], "rotation": 270, "texture": "#0"}
			}
		},
		{
			"from": [2, 9, 3],
			"to": [3, 15, 4],
			"rotation": {"angle": 0, "axis": "y", "origin": [8, 17, 8]},
			"faces": {
				"north": {"uv": [0, 0, 1, 6], "texture": "#0"},
				"east": {"uv": [12, 0, 13, 6], "texture": "#0"},
				"south": {"uv": [0, 0, 1, 6], "texture": "#0"},
				"west": {"uv": [1, 0, 2, 6], "texture": "#0"},
				"up": {"uv": [1, 0, 2, 1], "rotation": 270, "texture": "#0"},
				"down": {"uv": [1, 5, 2, 6], "rotation": 90, "texture": "#0"}
			}
		},
		{
			"from": [3, 9, 13],
			"to": [4, 15, 14],
			"rotation": {"angle": 0, "axis": "y", "origin": [8, 17, 8]},
			"faces": {
				"north": {"uv": [12, 0, 13, 6], "texture": "#0"},
				"east": {"uv": [0, 0, 1, 6], "texture": "#0"},
				"south": {"uv": [1, 0, 2, 6], "texture": "#0"},
				"west": {"uv": [0, 0, 1, 6], "texture": "#0"},
				"up": {"uv": [0, 0, 1, 1], "rotation": 180, "texture": "#0"},
				"down": {"uv": [1, 5, 2, 6], "rotation": 180, "texture": "#0"}
			}
		},
		{
			"from": [12, 9, 2],
			"to": [13, 15, 3],
			"rotation": {"angle": 0, "axis": "y", "origin": [8, 17, 8]},
			"faces": {
				"north": {"uv": [1, 0, 2, 6], "texture": "#0"},
				"east": {"uv": [0, 0, 1, 6], "texture": "#0"},
				"south": {"uv": [12, 0, 13, 6], "texture": "#0"},
				"west": {"uv": [0, 0, 1, 6], "texture": "#0"},
				"up": {"uv": [0, 0, 1, 1], "texture": "#0"},
				"down": {"uv": [1, 5, 2, 6], "texture": "#0"}
			}
		},
		{
			"from": [3, 10, 4],
			"to": [13, 11, 12],
			"rotation": {"angle": 0, "axis": "y", "origin": [10, 18, 10]},
			"faces": {
				"north": {"uv": [3, 4, 13, 5], "texture": "#1"},
				"east": {"uv": [4, 3, 12, 4], "texture": "#1"},
				"south": {"uv": [3, 11, 13, 12], "texture": "#1"},
				"west": {"uv": [4, 12, 12, 13], "texture": "#1"},
				"up": {"uv": [3, 4, 13, 12], "texture": "#1"},
				"down": {"uv": [3, 4, 13, 12], "texture": "#1"}
			}
		},
		{
			"from": [4, 10, 3],
			"to": [12, 11, 4],
			"rotation": {"angle": 0, "axis": "y", "origin": [12, 18, 11]},
			"faces": {
				"north": {"uv": [4, 12, 12, 13], "texture": "#1"},
				"east": {"uv": [11, 12, 12, 13], "texture": "#1"},
				"south": {"uv": [0, 0, 8, 1], "texture": "#1"},
				"west": {"uv": [3, 11, 4, 12], "texture": "#1"},
				"up": {"uv": [4, 3, 12, 4], "texture": "#1"},
				"down": {"uv": [4, 3, 12, 4], "texture": "#1"}
			}
		},
		{
			"from": [4, 10, 12],
			"to": [12, 11, 13],
			"rotation": {"angle": 0, "axis": "y", "origin": [12, 18, 20]},
			"faces": {
				"north": {"uv": [0, 0, 8, 1], "texture": "#1"},
				"east": {"uv": [11, 12, 12, 13], "texture": "#1"},
				"south": {"uv": [4, 12, 12, 13], "texture": "#1"},
				"west": {"uv": [12, 11, 13, 12], "texture": "#1"},
				"up": {"uv": [4, 12, 12, 13], "texture": "#1"},
				"down": {"uv": [4, 12, 12, 13], "texture": "#1"}
			}
		},
		{
			"from": [7.3, 10, 7.5],
			"to": [8.7, 16, 7.5],
			"shade": false,
			"rotation": {"angle": 45, "axis": "y", "origin": [8.5, 18, 7.5], "rescale": true},
			"faces": {
				"north": {"uv": [14, 11, 16, 16], "texture": "#0"},
				"east": {"uv": [0, 0, 0, 0], "texture": "#0"},
				"south": {"uv": [14, 11, 16, 16], "texture": "#0"},
				"west": {"uv": [0, 0, 0, 0], "texture": "#0"},
				"up": {"uv": [0, 0, 0, 0], "texture": "#0"},
				"down": {"uv": [0, 0, 0, 0], "texture": "#0"}
			}
		},
		{
			"from": [7.5, 10, 7.3],
			"to": [7.5, 16, 8.7],
			"shade": false,
			"rotation": {"angle": 45, "axis": "y", "origin": [7.5, 18, 7.5], "rescale": true},
			"faces": {
				"north": {"uv": [13, 11, 16, 16], "texture": "#0"},
				"east": {"uv": [14, 11, 16, 16], "texture": "#0"},
				"south": {"uv": [13, 11, 16, 16], "texture": "#0"},
				"west": {"uv": [14, 11, 16, 16], "texture": "#0"},
				"up": {"uv": [0, 0, 0, 0], "texture": "#0"},
				"down": {"uv": [0, 0, 0, 0], "texture": "#0"}
			}
		},
		{
			"from": [4.5, 12, 7],
			"to": [7.5, 13, 8],
			"rotation": {"angle": -45, "axis": "y", "origin": [7.5, 20, 7.5]},
			"faces": {
				"north": {"uv": [0, 15, 3, 16], "rotation": 180, "texture": "#0"},
				"east": {"uv": [2, 15, 3, 16], "texture": "#0"},
				"south": {"uv": [0, 15, 3, 16], "texture": "#0"},
				"west": {"uv": [0, 15, 1, 16], "texture": "#0"},
				"up": {"uv": [3, 13, 4, 16], "rotation": 270, "texture": "#0"},
				"down": {"uv": [3, 12, 4, 15], "rotation": 90, "texture": "#0"}
			}
		},
		{
			"from": [4.5, 12, 8],
			"to": [7.5, 13, 9],
			"rotation": {"angle": 45, "axis": "y", "origin": [7.5, 20, 8.5]},
			"faces": {
				"north": {"uv": [0, 15, 3, 16], "rotation": 180, "texture": "#0"},
				"east": {"uv": [2, 15, 3, 16], "texture": "#0"},
				"south": {"uv": [0, 15, 3, 16], "texture": "#0"},
				"west": {"uv": [0, 15, 1, 16], "texture": "#0"},
				"up": {"uv": [3, 13, 4, 16], "rotation": 270, "texture": "#0"},
				"down": {"uv": [3, 12, 4, 15], "rotation": 90, "texture": "#0"}
			}
		},
		{
			"from": [8.5, 12, 8],
			"to": [11.5, 13, 9],
			"rotation": {"angle": -45, "axis": "y", "origin": [8.5, 20, 8.5]},
			"faces": {
				"north": {"uv": [0, 15, 3, 16], "texture": "#0"},
				"east": {"uv": [0, 15, 1, 16], "texture": "#0"},
				"south": {"uv": [0, 15, 3, 16], "rotation": 180, "texture": "#0"},
				"west": {"uv": [2, 15, 3, 16], "texture": "#0"},
				"up": {"uv": [3, 13, 4, 16], "rotation": 90, "texture": "#0"},
				"down": {"uv": [3, 12, 4, 15], "rotation": 270, "texture": "#0"}
			}
		},
		{
			"from": [8, 12, 4.5],
			"to": [9, 13, 7.5],
			"rotation": {"angle": -45, "axis": "y", "origin": [8.5, 20, 7.5]},
			"faces": {
				"north": {"uv": [0, 15, 1, 16], "texture": "#0"},
				"east": {"uv": [0, 15, 3, 16], "rotation": 180, "texture": "#0"},
				"south": {"uv": [2, 15, 3, 16], "texture": "#0"},
				"west": {"uv": [0, 15, 3, 16], "texture": "#0"},
				"up": {"uv": [3, 13, 4, 16], "texture": "#0"},
				"down": {"uv": [3, 12, 4, 15], "texture": "#0"}
			}
		}
	],
	"groups": [0, 1, 2, 3, 4, 5, 6, 7, 8, 9, 10, 11, 12, 13, 14,
		{
			"name": "cross",
			"origin": [8, 8, 8],
			"children": [15, 16]
		}, 17, 18, 19, 20]
}