{
	"textures": {
		"0": "block/dead_horn_coral",
		"particle": "block/dead_horn_coral"
	},
	"elements": [
		{
			"from": [5, 0, 2],
			"to": [13, 5, 13],
			"faces": {
				"north": {"uv": [3, 11, 11, 16], "texture": "#0"},
				"east": {"uv": [2, 9, 13, 14], "texture": "#0"},
				"south": {"uv": [5, 11, 13, 16], "texture": "#0"},
				"west": {"uv": [2, 8, 13, 13], "texture": "#0"},
				"up": {"uv": [0, 0, 8, 11], "texture": "#missing"},
				"down": {"uv": [4, 5, 12, 16], "texture": "#0", "cullface": "down"}
			}
		},
		{
			"from": [13, 0, 3],
			"to": [14, 2, 11],
			"faces": {
				"north": {"uv": [2, 12, 3, 14], "texture": "#0"},
				"east": {"uv": [5, 14, 13, 16], "texture": "#0"},
				"south": {"uv": [11, 13, 12, 15], "texture": "#0"},
				"down": {"uv": [12, 8, 13, 16], "texture": "#0", "cullface": "down"}
			}
		},
		{
			"from": [3, 0, 3],
			"to": [5, 5, 13],
			"faces": {
				"north": {"uv": [11, 11, 13, 16], "texture": "#0"},
				"south": {"uv": [5, 11, 7, 16], "texture": "#0"},
				"west": {"uv": [3, 11, 13, 16], "texture": "#0"},
				"up": {"uv": [0, 0, 2, 10], "texture": "#missing"},
				"down": {"uv": [3, 14, 13, 16], "rotation": 90, "texture": "#0", "cullface": "down"}
			}
		},
		{
			"from": [4, 0, 13],
			"to": [12, 3, 14],
			"faces": {
				"east": {"uv": [4, 13, 5, 16], "texture": "#0"},
				"south": {"uv": [4, 13, 12, 16], "texture": "#0"},
				"west": {"uv": [12, 13, 13, 16], "texture": "#0"},
				"down": {"uv": [3, 13, 11, 14], "texture": "#0", "cullface": "down"}
			}
		},
		{
			"from": [2, 0, 4],
			"to": [3, 5, 12],
			"faces": {
				"north": {"uv": [3, 11, 4, 16], "texture": "#0"},
				"south": {"uv": [8, 13, 9, 16], "texture": "#0"},
				"west": {"uv": [3, 11, 11, 16], "texture": "#0"},
				"up": {"uv": [0, 0, 1, 5], "texture": "#0"},
				"down": {"uv": [3, 7, 4, 15], "texture": "#0", "cullface": "down"}
			}
		},
		{
			"from": [6, 1, 1],
			"to": [10, 2, 2],
			"faces": {
				"north": {"uv": [5, 14, 9, 15], "texture": "#0"},
				"east": {"uv": [11, 12, 12, 13], "texture": "#0"},
				"west": {"uv": [2, 13, 3, 14], "texture": "#0"},
				"down": {"uv": [0, 0, 4, 1], "texture": "#0"}
			}
		},
		{
			"from": [14, 1, 5],
			"to": [15, 2, 11],
			"faces": {
				"north": {"uv": [2, 13, 3, 14], "texture": "#0"},
				"east": {"uv": [6, 14, 12, 15], "texture": "#0"},
				"south": {"uv": [12, 13, 13, 14], "texture": "#0"},
				"down": {"uv": [12, 9, 13, 15], "texture": "#0"}
			}
		},
		{
			"from": [13, 1, 11],
			"to": [14, 2, 13],
			"faces": {
				"east": {"uv": [4, 14, 6, 15], "texture": "#0"},
				"south": {"uv": [11, 13, 12, 14], "texture": "#0"},
				"down": {"uv": [11, 12, 12, 14], "texture": "#0"}
			}
		},
		{
			"from": [12, 1, 13],
			"to": [13, 3, 14],
			"faces": {
				"east": {"uv": [3, 13, 4, 15], "texture": "#0"},
				"south": {"uv": [11, 12, 12, 14], "texture": "#0"},
				"down": {"uv": [3, 15, 4, 16], "texture": "#0"}
			}
		},
		{
			"from": [6, 1, 14],
			"to": [11, 2, 15],
			"faces": {
				"east": {"uv": [2, 13, 3, 14], "texture": "#0"},
				"south": {"uv": [6, 14, 11, 15], "texture": "#0"},
				"west": {"uv": [12, 13, 13, 14], "texture": "#0"},
				"down": {"uv": [6, 15, 11, 16], "texture": "#0"}
			}
		},
		{
			"from": [1, 1, 6],
			"to": [2, 2, 11],
			"faces": {
				"north": {"uv": [11, 13, 12, 14], "texture": "#0"},
				"south": {"uv": [2, 15, 3, 16], "texture": "#0"},
				"west": {"uv": [5, 13, 10, 14], "texture": "#0"},
				"down": {"uv": [12, 11, 13, 16], "texture": "#0"}
			}
		},
		{
			"from": [3, 1, 2],
			"to": [5, 5, 3],
			"faces": {
				"north": {"uv": [10, 11, 12, 15], "texture": "#0"},
				"west": {"uv": [3, 10, 4, 14], "texture": "#0"},
				"down": {"uv": [11, 15, 13, 16], "texture": "#0"}
			}
		},
		{
			"from": [2, 1, 3],
			"to": [3, 5, 4],
			"faces": {
				"north": {"uv": [12, 10, 13, 14], "texture": "#0"},
				"west": {"uv": [5, 10, 6, 14], "texture": "#0"},
				"down": {"uv": [11, 13, 12, 14], "texture": "#0"}
			}
		},
		{
			"from": [4, 2, 1],
			"to": [12, 8, 2],
			"faces": {
				"north": {"uv": [3, 8, 11, 14], "texture": "#0"},
				"east": {"uv": [11, 6, 12, 12], "texture": "#0"},
				"south": {"uv": [11, 13, 12, 14], "texture": "#0"},
				"west": {"uv": [1, 7, 2, 13], "texture": "#0"},
				"up": {"uv": [5, 6, 13, 7], "texture": "#0"},
				"down": {"uv": [3, 7, 4, 15], "texture": "#0"}
			}
		},
		{
			"from": [4, 8, 1],
			"to": [11, 9, 2],
			"faces": {
				"north": {"uv": [4, 7, 11, 8], "texture": "#0"},
				"east": {"uv": [9, 5, 10, 6], "texture": "#0"},
				"south": {"uv": [0, 0, 7, 1], "texture": "#missing"},
				"west": {"uv": [4, 4, 5, 5], "texture": "#0"},
				"up": {"uv": [4, 4, 11, 5], "texture": "#0"}
			}
		},
		{
			"from": [6, 9, 1],
			"to": [11, 10, 2],
			"faces": {
				"north": {"uv": [4, 6, 9, 7], "texture": "#0"},
				"east": {"uv": [9, 5, 10, 6], "texture": "#0"},
				"south": {"uv": [0, 0, 5, 1], "texture": "#missing"},
				"west": {"uv": [3, 4, 4, 5], "texture": "#0"},
				"up": {"uv": [5, 3, 10, 4], "texture": "#0"}
			}
		},
		{
			"from": [11, 5, 2],
			"to": [13, 10, 3],
			"faces": {
				"north": {"uv": [4, 5, 6, 10], "texture": "#0"},
				"east": {"uv": [8, 3, 9, 8], "texture": "#0"},
				"south": {"uv": [0, 0, 2, 5], "texture": "#missing"},
				"west": {"uv": [0, 0, 1, 5], "texture": "#missing"},
				"up": {"uv": [7, 5, 9, 6], "texture": "#0"}
			}
		},
		{
			"from": [3, 5, 2],
			"to": [6, 10, 3],
			"faces": {
				"north": {"uv": [9, 6, 12, 11], "texture": "#0"},
				"east": {"uv": [0, 0, 1, 5], "texture": "#missing"},
				"west": {"uv": [3, 5, 4, 10], "texture": "#0"},
				"up": {"uv": [4, 5, 7, 6], "texture": "#0"}
			}
		},
		{
			"from": [1, 2, 4],
			"to": [2, 10, 11],
			"faces": {
				"north": {"uv": [12, 5, 13, 13], "texture": "#0"},
				"east": {"uv": [0, 0, 7, 8], "texture": "#missing"},
				"south": {"uv": [2, 6, 3, 14], "texture": "#0"},
				"west": {"uv": [3, 5, 10, 13], "texture": "#0"},
				"up": {"uv": [2, 6, 3, 13], "texture": "#0"},
				"down": {"uv": [8, 9, 9, 16], "texture": "#0"}
			}
		},
		{
			"from": [1, 3, 3],
			"to": [2, 8, 4],
			"faces": {
				"north": {"uv": [13, 7, 14, 12], "texture": "#0"},
				"west": {"uv": [2, 8, 3, 13], "texture": "#0"},
				"up": {"uv": [4, 4, 5, 5], "texture": "#0"},
				"down": {"uv": [2, 13, 3, 14], "texture": "#0"}
			}
		},
		{
			"from": [2, 5, 3],
			"to": [6, 10, 4],
			"faces": {
				"north": {"uv": [9, 6, 13, 11], "texture": "#0"},
				"east": {"uv": [0, 0, 1, 5], "texture": "#missing"},
				"south": {"uv": [0, 0, 4, 5], "texture": "#missing"},
				"west": {"uv": [4, 5, 5, 10], "texture": "#0"},
				"up": {"uv": [5, 4, 9, 5], "texture": "#0"}
			}
		},
		{
			"from": [1, 3, 11],
			"to": [2, 10, 12],
			"faces": {
				"east": {"uv": [0, 0, 1, 7], "texture": "#missing"},
				"south": {"uv": [2, 6, 3, 13], "texture": "#0"},
				"west": {"uv": [10, 7, 11, 14], "texture": "#0"},
				"up": {"uv": [4, 5, 5, 6], "texture": "#0"},
				"down": {"uv": [7, 14, 8, 15], "texture": "#0"}
			}
		},
		{
			"from": [3, 2, 13],
			"to": [4, 3, 14],
			"faces": {
				"south": {"uv": [4, 14, 5, 15], "texture": "#0"},
				"west": {"uv": [12, 14, 13, 15], "texture": "#0"},
				"down": {"uv": [8, 15, 9, 16], "texture": "#0"}
			}
		},
		{
			"from": [2, 3, 12],
			"to": [13, 10, 14],
			"faces": {
				"north": {"uv": [0, 0, 11, 7], "texture": "#missing"},
				"east": {"uv": [3, 5, 5, 12], "texture": "#0"},
				"south": {"uv": [2, 6, 13, 13], "texture": "#0"},
				"west": {"uv": [10, 4, 12, 11], "texture": "#0"},
				"up": {"uv": [2, 5, 13, 7], "texture": "#0"},
				"down": {"uv": [2, 12, 13, 14], "texture": "#0"}
			}
		},
		{
			"from": [5, 2, 14],
			"to": [11, 3, 15],
			"faces": {
				"east": {"uv": [2, 15, 3, 16], "texture": "#0"},
				"south": {"uv": [5, 13, 11, 14], "texture": "#0"},
				"west": {"uv": [12, 13, 13, 14], "texture": "#0"},
				"down": {"uv": [4, 13, 10, 14], "texture": "#0"}
			}
		},
		{
			"from": [4, 3, 14],
			"to": [12, 9, 15],
			"faces": {
				"east": {"uv": [3, 4, 4, 10], "texture": "#0"},
				"south": {"uv": [4, 7, 12, 13], "texture": "#0"},
				"west": {"uv": [13, 7, 14, 13], "texture": "#0"},
				"up": {"uv": [4, 6, 12, 7], "texture": "#0"},
				"down": {"uv": [5, 15, 13, 16], "texture": "#0"}
			}
		},
		{
			"from": [5, 9, 14],
			"to": [10, 10, 15],
			"faces": {
				"east": {"uv": [4, 4, 5, 5], "texture": "#0"},
				"south": {"uv": [5, 5, 10, 6], "texture": "#0"},
				"west": {"uv": [12, 5, 13, 6], "texture": "#0"},
				"up": {"uv": [4, 4, 9, 5], "texture": "#0"}
			}
		},
		{
			"from": [13, 2, 3],
			"to": [14, 9, 14],
			"faces": {
				"north": {"uv": [2, 5, 3, 12], "texture": "#0"},
				"east": {"uv": [2, 5, 13, 12], "texture": "#0"},
				"south": {"uv": [12, 7, 13, 14], "texture": "#0"},
				"west": {"uv": [0, 0, 11, 7], "texture": "#missing"},
				"up": {"uv": [8, 3, 9, 14], "texture": "#0"},
				"down": {"uv": [11, 5, 12, 16], "texture": "#0"}
			}
		},
		{
			"from": [14, 2, 4],
			"to": [15, 8, 12],
			"faces": {
				"north": {"uv": [1, 7, 2, 13], "texture": "#0"},
				"east": {"uv": [3, 4, 11, 10], "texture": "#0"},
				"south": {"uv": [11, 10, 12, 16], "texture": "#0"},
				"up": {"uv": [10, 4, 11, 12], "texture": "#0"},
				"down": {"uv": [3, 8, 4, 16], "texture": "#0"}
			}
		},
		{
			"from": [14, 3, 12],
			"to": [15, 8, 13],
			"faces": {
				"east": {"uv": [3, 6, 4, 11], "texture": "#0"},
				"south": {"uv": [13, 8, 14, 13], "texture": "#0"},
				"up": {"uv": [4, 5, 5, 6], "texture": "#0"},
				"down": {"uv": [11, 13, 12, 14], "texture": "#0"}
			}
		},
		{
			"from": [14, 8, 5],
			"to": [15, 9, 12],
			"faces": {
				"north": {"uv": [3, 5, 4, 6], "texture": "#0"},
				"east": {"uv": [1, 7, 8, 8], "texture": "#0"},
				"south": {"uv": [12, 6, 13, 7], "texture": "#0"},
				"up": {"uv": [10, 7, 11, 14], "texture": "#0"}
			}
		},
		{
			"from": [14, 9, 7],
			"to": [15, 10, 12],
			"faces": {
				"north": {"uv": [3, 4, 4, 5], "texture": "#0"},
				"east": {"uv": [4, 4, 9, 5], "texture": "#0"},
				"south": {"uv": [12, 5, 13, 6], "texture": "#0"},
				"up": {"uv": [6, 6, 7, 11], "texture": "#0"}
			}
		},
		{
			"from": [13, 9, 5],
			"to": [14, 10, 13],
			"faces": {
				"north": {"uv": [5, 4, 6, 5], "texture": "#0"},
				"east": {"uv": [3, 6, 11, 7], "texture": "#0"},
				"south": {"uv": [10, 5, 11, 6], "texture": "#0"},
				"west": {"uv": [0, 0, 8, 1], "texture": "#missing"},
				"up": {"uv": [10, 5, 11, 13], "texture": "#0"}
			}
		},
		{
			"from": [12, 9, 3],
			"to": [13, 10, 5],
			"faces": {
				"east": {"uv": [9, 5, 11, 6], "texture": "#0"},
				"south": {"uv": [0, 0, 1, 1], "texture": "#missing"},
				"west": {"uv": [0, 0, 2, 1], "texture": "#missing"},
				"up": {"uv": [9, 5, 10, 7], "texture": "#0"},
				"down": {"uv": [0, 0, 1, 2], "texture": "#missing"}
			}
		},
		{
			"from": [4, 10, 3],
			"to": [12, 11, 13],
			"faces": {
				"north": {"uv": [3, 5, 11, 6], "texture": "#0"},
				"east": {"uv": [2, 5, 12, 6], "texture": "#0"},
				"south": {"uv": [3, 5, 11, 6], "texture": "#0"},
				"west": {"uv": [2, 5, 12, 6], "texture": "#0"},
				"up": {"uv": [3, 4, 11, 14], "texture": "#0"},
				"down": {"uv": [0, 0, 8, 10], "texture": "#missing"}
			}
		},
		{
			"from": [6, 10, 2],
			"to": [11, 11, 3],
			"faces": {
				"north": {"uv": [4, 5, 9, 6], "texture": "#0"},
				"east": {"uv": [6, 4, 7, 5], "texture": "#0"},
				"west": {"uv": [3, 4, 4, 5], "texture": "#0"},
				"up": {"uv": [5, 4, 10, 5], "texture": "#0"},
				"down": {"uv": [0, 0, 5, 1], "texture": "#missing"}
			}
		},
		{
			"from": [2, 10, 4],
			"to": [4, 11, 12],
			"faces": {
				"north": {"uv": [10, 4, 12, 5], "texture": "#0"},
				"south": {"uv": [4, 5, 6, 6], "texture": "#0"},
				"west": {"uv": [3, 4, 11, 5], "texture": "#0"},
				"up": {"uv": [3, 5, 5, 13], "texture": "#0"},
				"down": {"uv": [0, 0, 2, 8], "texture": "#missing"}
			}
		},
		{
			"from": [1, 10, 6],
			"to": [2, 11, 10],
			"faces": {
				"north": {"uv": [12, 5, 13, 6], "texture": "#0"},
				"south": {"uv": [3, 7, 4, 8], "texture": "#0"},
				"west": {"uv": [6, 4, 10, 5], "texture": "#0"},
				"up": {"uv": [1, 7, 2, 11], "texture": "#0"}
			}
		},
		{
			"from": [6, 10, 13],
			"to": [10, 11, 14],
			"faces": {
				"east": {"uv": [4, 5, 5, 6], "texture": "#0"},
				"south": {"uv": [6, 4, 10, 5], "texture": "#0"},
				"west": {"uv": [10, 4, 11, 5], "texture": "#0"},
				"up": {"uv": [5, 5, 9, 6], "texture": "#0"}
			}
		},
		{
			"from": [12, 10, 6],
			"to": [14, 11, 12],
			"faces": {
				"north": {"uv": [3, 5, 5, 6], "texture": "#0"},
				"east": {"uv": [5, 3, 11, 4], "texture": "#0"},
				"south": {"uv": [10, 5, 12, 6], "texture": "#0"},
				"up": {"uv": [8, 3, 10, 9], "texture": "#0"},
				"down": {"uv": [0, 0, 2, 6], "texture": "#missing"}
			}
		},
		{
			"from": [12, 10, 5],
			"to": [13, 11, 6],
			"faces": {
				"north": {"uv": [4, 4, 5, 5], "texture": "#0"},
				"east": {"uv": [6, 4, 7, 5], "texture": "#0"},
				"up": {"uv": [6, 5, 7, 6], "texture": "#0"},
				"down": {"uv": [0, 0, 1, 1], "texture": "#missing"}
			}
		},
		{
			"from": [3, 11, 5],
			"to": [11, 12, 11],
			"faces": {
				"north": {"uv": [3, 4, 11, 5], "texture": "#0"},
				"east": {"uv": [5, 3, 11, 4], "texture": "#0"},
				"south": {"uv": [3, 4, 11, 5], "texture": "#0"},
				"west": {"uv": [5, 3, 11, 4], "texture": "#0"},
				"up": {"uv": [3, 4, 11, 10], "texture": "#0"}
			}
		},
		{
			"from": [4, 11, 4],
			"to": [11, 12, 5],
			"faces": {
				"north": {"uv": [3, 4, 10, 5], "texture": "#0"},
				"east": {"uv": [8, 3, 9, 4], "texture": "#0"},
				"west": {"uv": [6, 3, 7, 4], "texture": "#0"},
				"up": {"uv": [3, 4, 10, 5], "texture": "#0"}
			}
		},
		{
			"from": [6, 11, 3],
			"to": [10, 12, 4],
			"faces": {
				"north": {"uv": [5, 4, 9, 5], "texture": "#0"},
				"east": {"uv": [7, 4, 8, 5], "texture": "#0"},
				"west": {"uv": [5, 3, 6, 4], "texture": "#0"},
				"up": {"uv": [6, 4, 10, 5], "texture": "#0"}
			}
		},
		{
			"from": [6, 11, 11],
			"to": [10, 12, 12],
			"faces": {
				"east": {"uv": [5, 3, 6, 4], "texture": "#0"},
				"south": {"uv": [7, 3, 11, 4], "texture": "#0"},
				"west": {"uv": [9, 4, 10, 5], "texture": "#0"},
				"up": {"uv": [6, 5, 10, 6], "texture": "#0"}
			}
		},
		{
			"from": [11, 11, 6],
			"to": [12, 12, 10],
			"faces": {
				"north": {"uv": [5, 7, 6, 8], "texture": "#0"},
				"east": {"uv": [6, 3, 10, 4], "texture": "#0"},
				"south": {"uv": [10, 4, 11, 5], "texture": "#0"},
				"up": {"uv": [8, 3, 9, 7], "texture": "#0"}
			}
		},
		{
			"from": [7, 12, 6],
			"to": [9, 13, 9],
			"faces": {
				"north": {"uv": [6, 13, 8, 14], "texture": "#0"},
				"east": {"uv": [6, 9, 9, 10], "texture": "#0"},
				"south": {"uv": [11, 15, 13, 16], "texture": "#0"},
				"west": {"uv": [6, 15, 9, 16], "texture": "#0"},
				"up": {"uv": [7, 8, 9, 11], "texture": "#0"}
			}
		},
		{
			"from": [9, 12, 7],
			"to": [10, 13, 8],
			"faces": {
				"north": {"uv": [6, 2, 7, 3], "texture": "#0"},
				"east": {"uv": [6, 2, 7, 3], "texture": "#0"},
				"south": {"uv": [6, 2, 7, 3], "texture": "#0"},
				"up": {"uv": [6, 2, 7, 3], "texture": "#0"}
			}
		},
		{
			"from": [6, 12, 7],
			"to": [7, 13, 9],
			"faces": {
				"north": {"uv": [8, 15, 9, 16], "texture": "#0"},
				"south": {"uv": [4, 14, 5, 15], "texture": "#0"},
				"west": {"uv": [7, 13, 9, 14], "texture": "#0"},
				"up": {"uv": [3, 10, 4, 12], "texture": "#0"}
			}
		},
		{
			"from": [8, 12, 9],
			"to": [9, 13, 10],
			"faces": {
				"east": {"uv": [6, 2, 7, 3], "texture": "#0"},
				"south": {"uv": [6, 2, 7, 3], "texture": "#0"},
				"west": {"uv": [6, 2, 7, 3], "texture": "#0"},
				"up": {"uv": [6, 2, 7, 3], "texture": "#0"}
			}
		},
		{
			"from": [5, 12, 8],
			"to": [6, 13, 9],
			"faces": {
				"north": {"uv": [11, 13, 12, 14], "texture": "#0"},
				"south": {"uv": [7, 13, 8, 14], "texture": "#0"},
				"west": {"uv": [8, 15, 9, 16], "texture": "#0"},
				"up": {"uv": [11, 13, 12, 14], "texture": "#0"}
			}
		},
		{
			"from": [7, 13, 6],
			"to": [8, 14, 9],
			"faces": {
				"north": {"uv": [6, 2, 7, 3], "texture": "#0"},
				"east": {"uv": [6, 2, 8, 3], "texture": "#0"},
				"south": {"uv": [6, 2, 7, 3], "texture": "#0"},
				"west": {"uv": [6, 2, 8, 3], "texture": "#0"},
				"up": {"uv": [6, 2, 8, 3], "texture": "#0"}
			}
		},
		{
			"from": [6, 13, 7],
			"to": [7, 14, 8],
			"faces": {
				"north": {"uv": [6, 2, 7, 3], "texture": "#0"},
				"south": {"uv": [6, 2, 7, 3], "texture": "#0"},
				"west": {"uv": [7, 2, 8, 3], "texture": "#0"}
			}
		},
		{
			"from": [8, 13, 7],
			"to": [9, 14, 8],
			"faces": {
				"north": {"uv": [6, 2, 7, 3], "texture": "#0"},
				"east": {"uv": [6, 2, 7, 3], "texture": "#0"},
				"south": {"uv": [6, 2, 7, 3], "texture": "#0"},
				"up": {"uv": [6, 2, 7, 3], "texture": "#0"}
			}
		},
		{
			"from": [5, 14, 7],
			"to": [7, 15, 8],
			"faces": {
				"north": {"uv": [8, 1, 10, 2], "texture": "#0"},
				"east": {"uv": [2, 13, 3, 14], "texture": "#0"},
				"south": {"uv": [8, 1, 10, 2], "texture": "#0"},
				"west": {"uv": [3, 9, 4, 10], "texture": "#0"},
				"up": {"uv": [6, 9, 8, 10], "texture": "#0"},
				"down": {"uv": [8, 1, 10, 2], "texture": "#0"}
			}
		},
		{
			"from": [9, 14, 7],
			"to": [11, 15, 9],
			"faces": {
				"north": {"uv": [5, 1, 7, 2], "texture": "#0"},
				"east": {"uv": [5, 1, 7, 2], "texture": "#0"},
				"south": {"uv": [5, 1, 7, 2], "texture": "#0"},
				"west": {"uv": [5, 1, 7, 2], "texture": "#0"},
				"up": {"uv": [10, 12, 12, 14], "texture": "#0"},
				"down": {"uv": [8, 8, 10, 10], "texture": "#0"}
			}
		},
		{
			"from": [4, 14, 6],
			"to": [6, 15, 7],
			"faces": {
				"north": {"uv": [8, 1, 10, 2], "texture": "#0"},
				"east": {"uv": [6, 13, 7, 14], "texture": "#0"},
				"south": {"uv": [8, 1, 10, 2], "texture": "#0"},
				"west": {"uv": [5, 9, 6, 10], "texture": "#0"},
				"up": {"uv": [8, 8, 10, 9], "texture": "#0"},
				"down": {"uv": [8, 1, 10, 2], "texture": "#0"}
			}
		}
	]
}