{
	"credit": "Made with Blockbench",
	"parent": "block/block",
	"textures": {
		"0": "#blades",
		"1": "#base",
		"particle": "#blades"
	},
	"elements": [
		{
			"from": [6, 11.51, -8],
			"to": [10, 11.51, 24],
			"shade": false,
			"rotation": {"angle": 0, "axis": "y", "origin": [0, 3.75, 0]},
			"faces": {
				"up": {"uv": [7, 0, 9, 16], "texture": "#0"},
				"down": {"uv": [7, 0, 9, 16], "texture": "#0"}
			}
		},
		{
			"from": [10, 11.51, 6],
			"to": [24, 11.51, 10],
			"shade": false,
			"rotation": {"angle": 0, "axis": "y", "origin": [0, 3.75, 0]},
			"faces": {
				"up": {"uv": [0, 7, 7, 9], "texture": "#0"},
				"down": {"uv": [9, 7, 16, 9], "texture": "#0"}
			}
		},
		{
			"from": [-8, 11.51, 6],
			"to": [6, 11.51, 10],
			"shade": false,
			"rotation": {"angle": 0, "axis": "y", "origin": [-18, 3.75, 0]},
			"faces": {
				"up": {"uv": [9, 7, 16, 9], "texture": "#0"},
				"down": {"uv": [0, 7, 7, 9], "texture": "#0"}
			}
		},
		{
			"from": [7.5, 12, 7.5],
			"to": [8.5, 16, 8.5],
			"rotation": {"angle": 0, "axis": "y", "origin": [8, 19, 8]},
			"faces": {
				"north": {"uv": [0, 0, 2, 5], "texture": "#1"},
				"east": {"uv": [0, 0, 2, 5], "texture": "#1"},
				"south": {"uv": [0, 0, 2, 5], "texture": "#1"},
				"west": {"uv": [0, 0, 2, 5], "texture": "#1"},
				"up": {"uv": [2, 0, 4, 2], "texture": "#1"},
				"down": {"uv": [2, 0, 4, 2], "texture": "#1"}
			}
		},
		{
			"from": [6, 9.5, 6],
			"to": [10, 11.5, 10],
			"rotation": {"angle": 0, "axis": "y", "origin": [8, 19, 8]},
			"faces": {
				"north": {"uv": [12, 0, 16, 2], "texture": "#1"},
				"east": {"uv": [12, 0, 16, 2], "texture": "#1"},
				"south": {"uv": [12, 0, 16, 2], "texture": "#1"},
				"west": {"uv": [12, 0, 16, 2], "texture": "#1"},
				"up": {"uv": [14, 1, 16, 3], "texture": "#1"},
				"down": {"uv": [12, 2, 16, 6], "texture": "#1"}
			}
		},
		{
			"from": [7, 11, 7],
			"to": [9, 12, 9],
			"rotation": {"angle": 0, "axis": "y", "origin": [15, 19, 15]},
			"faces": {
				"north": {"uv": [0, 0, 2, 1], "texture": "#1"},
				"east": {"uv": [0, 0, 2, 1], "texture": "#1"},
				"south": {"uv": [0, 0, 2, 1], "texture": "#1"},
				"west": {"uv": [0, 0, 2, 1], "texture": "#1"},
				"up": {"uv": [0, 0, 2, 2], "texture": "#1"},
				"down": {"uv": [0, 0, 2, 2], "texture": "#1"}
			}
		}
	]
}