{
	"credit": "Made with Blockbench",
	"textures": {
		"0": "#texture",
		"particle": "#texture"
	},
	"elements": [
		{
			"from": [2, 7, 4],
			"to": [3, 15, 12],
			"rotation": {"angle": 0, "axis": "y", "origin": [10, 15, 13]},
			"faces": {
				"north": {"uv": [15, 0, 16, 8], "texture": "#0"},
				"east": {"uv": [8, 0, 16, 8], "texture": "#0"},
				"south": {"uv": [13, 0, 14, 8], "texture": "#0"},
				"west": {"uv": [8, 0, 16, 8], "texture": "#0"},
				"up": {"uv": [15, 0, 16, 8], "texture": "#0"},
				"down": {"uv": [13, 0, 14, 8], "texture": "#0"}
			}
		},
		{
			"from": [3, 7, 12],
			"to": [4, 15, 13],
			"rotation": {"angle": 0, "axis": "y", "origin": [11, 15, 14]},
			"faces": {
				"north": {"uv": [12, 0, 13, 8], "texture": "#0"},
				"east": {"uv": [13, 0, 14, 8], "texture": "#0"},
				"south": {"uv": [15, 0, 16, 8], "texture": "#0"},
				"west": {"uv": [14, 0, 15, 8], "texture": "#0"},
				"up": {"uv": [15, 0, 16, 1], "texture": "#0"},
				"down": {"uv": [14, 0, 15, 1], "texture": "#0"}
			}
		},
		{
			"from": [12, 7, 12],
			"to": [13, 15, 13],
			"rotation": {"angle": 0, "axis": "y", "origin": [20, 15, 14]},
			"faces": {
				"north": {"uv": [13, 0, 14, 8], "texture": "#0"},
				"east": {"uv": [15, 0, 16, 8], "texture": "#0"},
				"south": {"uv": [14, 0, 15, 8], "texture": "#0"},
				"west": {"uv": [12, 0, 13, 8], "texture": "#0"},
				"up": {"uv": [15, 0, 16, 1], "texture": "#0"},
				"down": {"uv": [13, 0, 14, 1], "texture": "#0"}
			}
		},
		{
			"from": [3, 7, 3],
			"to": [4, 15, 4],
			"rotation": {"angle": 0, "axis": "y", "origin": [11, 15, 5]},
			"faces": {
				"north": {"uv": [14, 0, 15, 8], "texture": "#0"},
				"east": {"uv": [12, 0, 13, 8], "texture": "#0"},
				"south": {"uv": [13, 0, 14, 8], "texture": "#0"},
				"west": {"uv": [15, 0, 16, 8], "texture": "#0"},
				"up": {"uv": [15, 0, 16, 1], "texture": "#0"},
				"down": {"uv": [14, 0, 15, 1], "texture": "#0"}
			}
		},
		{
			"from": [12, 7, 3],
			"to": [13, 15, 4],
			"rotation": {"angle": 0, "axis": "y", "origin": [20, 15, 5]},
			"faces": {
				"north": {"uv": [14, 0, 15, 8], "texture": "#0"},
				"east": {"uv": [15, 0, 16, 8], "texture": "#0"},
				"south": {"uv": [14, 0, 15, 8], "texture": "#0"},
				"west": {"uv": [13, 0, 14, 8], "texture": "#0"},
				"up": {"uv": [15, 0, 16, 1], "texture": "#0"},
				"down": {"uv": [14, 0, 15, 1], "texture": "#0"}
			}
		},
		{
			"from": [4, 7, 2],
			"to": [12, 15, 3],
			"rotation": {"angle": 0, "axis": "y", "origin": [8, 7.5, 7]},
			"faces": {
				"north": {"uv": [8, 0, 16, 8], "texture": "#0"},
				"east": {"uv": [12, 0, 13, 8], "texture": "#0"},
				"south": {"uv": [8, 0, 16, 8], "texture": "#0"},
				"west": {"uv": [11, 0, 12, 8], "texture": "#0"},
				"up": {"uv": [15, 0, 16, 8], "rotation": 90, "texture": "#0"},
				"down": {"uv": [14, 0, 15, 8], "rotation": 270, "texture": "#0"}
			}
		},
		{
			"from": [13, 7, 4],
			"to": [14, 15, 12],
			"rotation": {"angle": 0, "axis": "y", "origin": [21, 15, 13]},
			"faces": {
				"north": {"uv": [15, 0, 16, 8], "texture": "#0"},
				"east": {"uv": [8, 0, 16, 8], "texture": "#0"},
				"south": {"uv": [13, 0, 14, 8], "texture": "#0"},
				"west": {"uv": [8, 0, 16, 8], "texture": "#0"},
				"up": {"uv": [15, 0, 16, 8], "texture": "#0"},
				"down": {"uv": [13, 0, 14, 8], "texture": "#0"}
			}
		},
		{
			"from": [4, 7, 13],
			"to": [12, 15, 14],
			"rotation": {"angle": 0, "axis": "y", "origin": [8, 7.5, 9]},
			"faces": {
				"north": {"uv": [8, 0, 16, 8], "texture": "#0"},
				"east": {"uv": [14, 0, 15, 8], "texture": "#0"},
				"south": {"uv": [8, 0, 16, 8], "texture": "#0"},
				"west": {"uv": [14, 0, 15, 8], "texture": "#0"},
				"up": {"uv": [15, 0, 16, 8], "rotation": 90, "texture": "#0"},
				"down": {"uv": [14, 0, 15, 8], "rotation": 270, "texture": "#0"}
			}
		},
		{
			"from": [7, 0, 7],
			"to": [9, 13, 9],
			"rotation": {"angle": 0, "axis": "y", "origin": [15, 8, 15]},
			"faces": {
				"north": {"uv": [0, 0, 2, 13], "texture": "#0"},
				"east": {"uv": [0, 0, 2, 13], "texture": "#0"},
				"south": {"uv": [0, 0, 2, 13], "texture": "#0"},
				"west": {"uv": [0, 0, 2, 13], "texture": "#0"},
				"up": {"uv": [0, 0, 2, 2], "texture": "#0"},
				"down": {"uv": [0, 12, 2, 14], "texture": "#0"}
			}
		},
		{
			"from": [7.5, 13, 7.5],
			"to": [8.5, 14, 8.5],
			"rotation": {"angle": 0, "axis": "y", "origin": [15, 21, 15]},
			"faces": {
				"north": {"uv": [0, 10, 1, 11], "texture": "#0"},
				"east": {"uv": [0, 10, 1, 11], "texture": "#0"},
				"south": {"uv": [0, 11, 1, 12], "texture": "#0"},
				"west": {"uv": [0, 8, 1, 9], "texture": "#0"},
				"up": {"uv": [0, 11, 1, 12], "texture": "#0"},
				"down": {"uv": [0, 0, 1, 1], "texture": "#0"}
			}
		},
		{
			"from": [8, 13, 3],
			"to": [8, 14, 13],
			"rotation": {"angle": 0, "axis": "y", "origin": [16, 21, 11]},
			"faces": {
				"north": {"uv": [0, 0, 0, 1], "texture": "#0"},
				"east": {"uv": [0, 13, 10, 14], "texture": "#0"},
				"south": {"uv": [0, 0, 0, 1], "texture": "#0"},
				"west": {"uv": [0, 13, 10, 14], "texture": "#0"},
				"up": {"uv": [0, 0, 0, 10], "texture": "#0"},
				"down": {"uv": [0, 0, 0, 10], "texture": "#0"}
			}
		},
		{
			"from": [3, 13, 8],
			"to": [13, 14, 8],
			"rotation": {"angle": 0, "axis": "y", "origin": [8, 13.5, 8]},
			"faces": {
				"north": {"uv": [0, 13, 10, 14], "texture": "#0"},
				"east": {"uv": [0, 0, 0, 1], "texture": "#0"},
				"south": {"uv": [0, 13, 10, 14], "texture": "#0"},
				"west": {"uv": [0, 0, 0, 1], "texture": "#0"},
				"up": {"uv": [0, 0, 0, 10], "rotation": 90, "texture": "#0"},
				"down": {"uv": [0, 0, 0, 10], "rotation": 270, "texture": "#0"}
			}
		}
	]
}