{
	"credit": "Made with Blockbench",
	"ambientocclusion": false,
	"textures": {
		"1": "block/lily_pad",
		"particle": "block/lily_pad"
	},
	"elements": [
		{
			"from": [0, 0.25, 0],
			"to": [16, 0.25, 16],
			"faces": {
				"north": {"uv": [0, 0, 0, 0], "texture": "#1"},
				"east": {"uv": [0, 0, 0, 0], "texture": "#1"},
				"south": {"uv": [0, 0, 0, 0], "texture": "#1"},
				"west": {"uv": [0, 0, 0, 0], "texture": "#1"},
				"up": {"uv": [16, 0, 0, 16], "texture": "#1", "tintindex": 0},
				"down": {"uv": [16, 16, 0, 0], "texture": "#1", "tintindex": 0}
			}
		}
	],
	"display": {
		"thirdperson_righthand": {
			"translation": [0, 8, 0]
		}
	}
}