{
	"credit": "Made with Blockbench",
	"textures": {
		"1": "#back",
		"2": "#light",
		"particle": "#light"
	},
	"elements": [
		{
			"from": [0, 7, 2],
			"to": [1, 14, 14],
			"faces": {
				"north": {"uv": [2, 2, 3, 9], "texture": "#1"},
				"east": {"uv": [2, 2, 14, 9], "texture": "#1"},
				"south": {"uv": [13, 2, 14, 9], "texture": "#1"},
				"west": {"uv": [2, 2, 14, 9], "texture": "#1"},
				"up": {"uv": [2, 2, 3, 14], "texture": "#1"},
				"down": {"uv": [2, 2, 3, 14], "texture": "#1"}
			}
		},
		{
			"from": [1, 13, 2],
			"to": [4, 14, 14],
			"faces": {
				"north": {"uv": [2, 13, 5, 14], "texture": "#1"},
				"east": {"uv": [2, 2, 14, 3], "texture": "#1"},
				"south": {"uv": [2, 2, 5, 3], "texture": "#1"},
				"west": {"uv": [0, 0, 12, 1], "texture": "#1"},
				"up": {"uv": [2, 2, 5, 14], "texture": "#1"},
				"down": {"uv": [2, 2, 5, 14], "texture": "#1"}
			}
		},
		{
			"from": [1, 9, 3],
			"to": [3, 13, 13],
			"faces": {
				"north": {"uv": [13, 0, 15, 4], "texture": "#2"},
				"east": {"uv": [3, 0, 13, 4], "texture": "#2"},
				"south": {"uv": [1, 0, 3, 4], "texture": "#2"},
				"west": {"uv": [0, 0, 10, 4], "texture": "#2"},
				"up": {"uv": [1, 3, 3, 13], "texture": "#2"},
				"down": {"uv": [1, 3, 3, 13], "texture": "#2"}
			}
		},
		{
			"from": [-0.40537, 8.73224, 2.9875],
			"to": [2.34463, 9.73224, 13.0125],
			"rotation": {"angle": 22.5, "axis": "z", "origin": [2, 10.5, 8]},
			"faces": {
				"north": {"uv": [2, 4, 4.75, 5], "texture": "#2"},
				"east": {"uv": [0, 0, 10.025, 1], "texture": "#2"},
				"south": {"uv": [2, 4, 4.75, 5], "texture": "#2"},
				"west": {"uv": [0, 0, 10.025, 1], "texture": "#2"},
				"up": {"uv": [1, 3, 3.75, 13.025], "texture": "#2"},
				"down": {"uv": [1, 3, 3.75, 13.025], "texture": "#2"}
			}
		}
	]
}