{
	"credit": "Made with Blockbench",
	"textures": {
		"1": "block/black_terracotta"
	},
	"elements": [
		{
			"from": [0, 0, 0],
			"to": [1, 4, 16],
			"faces": {
				"north": {"uv": [8, 6, 9, 10], "texture": "#1"},
				"east": {"uv": [0, 6, 16, 10], "texture": "#1"},
				"south": {"uv": [7, 6, 8, 10], "texture": "#1"},
				"west": {"uv": [0, 6, 16, 10], "texture": "#1"},
				"up": {"uv": [7, 0, 8, 16], "texture": "#1"},
				"down": {"uv": [7, 0, 8, 16], "texture": "#1"}
			}
		},
		{
			"from": [15, 0, 0],
			"to": [16, 4, 16],
			"faces": {
				"north": {"uv": [8, 6, 9, 10], "texture": "#1"},
				"east": {"uv": [0, 6, 16, 10], "texture": "#1"},
				"south": {"uv": [7, 6, 8, 10], "texture": "#1"},
				"west": {"uv": [0, 6, 16, 10], "texture": "#1"},
				"up": {"uv": [7, 0, 8, 16], "texture": "#1"},
				"down": {"uv": [7, 0, 8, 16], "texture": "#1"}
			}
		}
	]
}