{
	"credit": "Made with Blockbench",
	"ambientocclusion": false,
	"textures": {
		"1": "block/torch_wall_color",
		"2": "block/torch_lamp_upview",
		"particle": "block/torch_lamp_sideview"
	},
	"elements": [
		{
			"name": "Right",
			"from": [0, 6, 5],
			"to": [3, 16, 6],
			"faces": {
				"north": {"uv": [10, 3, 13, 13], "texture": "#1"},
				"east": {"uv": [10, 3, 11, 13], "texture": "#1"},
				"south": {"uv": [10, 3, 13, 13], "texture": "#1"},
				"west": {"uv": [11, 3, 12, 13], "texture": "#1"},
				"up": {"uv": [11, 3, 14, 4], "texture": "#1"},
				"down": {"uv": [11, 3, 14, 4], "texture": "#1"}
			}
		},
		{
			"name": "Left",
			"from": [0, 6, 10],
			"to": [3, 16, 11],
			"faces": {
				"north": {"uv": [10, 3, 13, 13], "texture": "#1"},
				"east": {"uv": [10, 3, 11, 13], "texture": "#1"},
				"south": {"uv": [11, 3, 14, 13], "texture": "#1"},
				"west": {"uv": [11, 3, 12, 13], "texture": "#1"},
				"up": {"uv": [11, 12, 14, 13], "texture": "#1"},
				"down": {"uv": [11, 3, 14, 4], "texture": "#1"}
			}
		},
		{
			"name": "Front",
			"from": [2, 6, 6],
			"to": [3, 16, 10],
			"faces": {
				"north": {"uv": [0, 0, 1, 10], "texture": "#missing"},
				"east": {"uv": [6, 3, 10, 13], "texture": "#1"},
				"south": {"uv": [0, 0, 1, 10], "texture": "#missing"},
				"west": {"uv": [6, 3, 10, 13], "texture": "#1"},
				"up": {"uv": [11, 6, 12, 10], "texture": "#1"},
				"down": {"uv": [11, 6, 12, 10], "texture": "#1"}
			}
		},
		{
			"name": "Middle",
			"from": [0, 6.25, 6],
			"to": [2, 15.75, 10],
			"faces": {
				"north": {"uv": [0, 0, 2, 8], "texture": "#missing"},
				"east": {"uv": [6, 4, 10, 12], "texture": "#1"},
				"south": {"uv": [0, 0, 2, 8], "texture": "#missing"},
				"west": {"uv": [0, 4, 4, 12], "texture": "#2"},
				"up": {"uv": [0, 6, 2, 10], "texture": "#2"},
				"down": {"uv": [0, 6, 2, 10], "texture": "#2"}
			}
		}
	]
}