{
	"credit": "Made with Blockbench",
	"parent": "block/block",
	"textures": {
		"0": "block/soul_lantern",
		"1": "block/chain",
		"particle": "block/soul_lantern"
	},
	"elements": [
		{
			"from": [6.5, 11, 8],
			"to": [9.5, 15, 8],
			"shade": false,
			"rotation": {"angle": 45, "axis": "y", "origin": [8, 8, 8]},
			"faces": {
				"north": {"uv": [3, 3, 6, 7], "texture": "#1"},
				"south": {"uv": [3, 3, 6, 7], "texture": "#1"}
			}
		},
		{
			"from": [8, 10, 6.5],
			"to": [8, 16, 9.5],
			"shade": false,
			"rotation": {"angle": 45, "axis": "y", "origin": [8, 8, 8]},
			"faces": {
				"east": {"uv": [0, 2, 3, 8], "texture": "#1"},
				"west": {"uv": [0, 2, 3, 8], "texture": "#1"}
			}
		},
		{
			"from": [5, 2, 5],
			"to": [11, 10, 11],
			"faces": {
				"north": {"uv": [9, 0, 15, 8], "texture": "#0"},
				"east": {"uv": [9, 0, 15, 8], "texture": "#0"},
				"south": {"uv": [9, 0, 15, 8], "texture": "#0"},
				"west": {"uv": [9, 0, 15, 8], "texture": "#0"},
				"up": {"uv": [1, 9, 7, 15], "texture": "#0"},
				"down": {"uv": [9, 4, 15, 10], "texture": "#0"}
			}
		},
		{
			"from": [5, 6, 11],
			"to": [11, 10, 12],
			"faces": {
				"north": {"uv": [0, 0, 6, 4], "texture": "#missing"},
				"east": {"uv": [8, 0, 9, 4], "texture": "#0"},
				"south": {"uv": [9, 0, 15, 4], "texture": "#0"},
				"west": {"uv": [15, 0, 16, 4], "texture": "#0"},
				"up": {"uv": [1, 15, 7, 16], "texture": "#0"},
				"down": {"uv": [9, 3, 15, 4], "texture": "#0"}
			}
		},
		{
			"from": [5, 6, 4],
			"to": [11, 10, 5],
			"faces": {
				"north": {"uv": [9, 0, 15, 4], "texture": "#0"},
				"east": {"uv": [15, 0, 16, 4], "texture": "#0"},
				"south": {"uv": [0, 0, 6, 4], "texture": "#missing"},
				"west": {"uv": [8, 0, 9, 4], "texture": "#0"},
				"up": {"uv": [1, 8, 7, 9], "texture": "#0"},
				"down": {"uv": [9, 3, 15, 4], "texture": "#0"}
			}
		},
		{
			"from": [4, 6, 5],
			"to": [5, 10, 11],
			"faces": {
				"north": {"uv": [15, 0, 16, 4], "texture": "#0"},
				"east": {"uv": [0, 0, 6, 4], "texture": "#missing"},
				"south": {"uv": [8, 0, 9, 4], "texture": "#0"},
				"west": {"uv": [9, 0, 15, 4], "texture": "#0"},
				"up": {"uv": [0, 9, 1, 15], "texture": "#0"},
				"down": {"uv": [10, 1, 11, 7], "texture": "#0"}
			}
		},
		{
			"from": [11, 6, 5],
			"to": [12, 10, 11],
			"faces": {
				"north": {"uv": [8, 0, 9, 4], "texture": "#0"},
				"east": {"uv": [9, 0, 15, 4], "texture": "#0"},
				"south": {"uv": [15, 0, 16, 4], "texture": "#0"},
				"west": {"uv": [0, 0, 6, 4], "texture": "#missing"},
				"up": {"uv": [7, 9, 8, 15], "texture": "#0"},
				"down": {"uv": [13, 1, 14, 7], "texture": "#0"}
			}
		},
		{
			"from": [6, 0, 5],
			"to": [10, 2, 11],
			"faces": {
				"north": {"uv": [10, 8, 14, 10], "texture": "#0"},
				"east": {"uv": [9, 8, 15, 10], "texture": "#0"},
				"south": {"uv": [10, 8, 14, 10], "texture": "#0"},
				"west": {"uv": [9, 8, 15, 10], "texture": "#0"},
				"up": {"uv": [0, 0, 4, 6], "texture": "#missing"},
				"down": {"uv": [2, 1, 6, 7], "texture": "#0"}
			}
		},
		{
			"from": [5, 0, 6],
			"to": [6, 2, 10],
			"faces": {
				"north": {"uv": [14, 8, 15, 10], "texture": "#0"},
				"east": {"uv": [0, 0, 4, 2], "texture": "#missing"},
				"south": {"uv": [9, 8, 10, 10], "texture": "#0"},
				"west": {"uv": [10, 8, 14, 10], "texture": "#0"},
				"up": {"uv": [0, 0, 1, 4], "texture": "#missing"},
				"down": {"uv": [1, 2, 2, 6], "texture": "#0"}
			}
		},
		{
			"from": [10, 0, 6],
			"to": [11, 2, 10],
			"faces": {
				"north": {"uv": [9, 8, 10, 10], "texture": "#0"},
				"east": {"uv": [10, 8, 14, 10], "texture": "#0"},
				"south": {"uv": [14, 8, 15, 10], "texture": "#0"},
				"west": {"uv": [0, 0, 4, 2], "texture": "#missing"},
				"up": {"uv": [0, 0, 1, 4], "texture": "#missing"},
				"down": {"uv": [6, 2, 7, 6], "texture": "#0"}
			}
		}
	]
}