{
	"credit": "Made with Blockbench",
	"textures": {
		"0": "block/torch_lamp_basebottom",
		"1": "block/torch_lamp_upview",
		"2": "block/torch_lamp_sideview",
		"particle": "block/torch_lamp_sideview"
	},
	"elements": [
		{
			"name": "Base",
			"from": [4, 0, 4],
			"to": [12, 2, 12],
			"faces": {
				"north": {"uv": [4, 12, 12, 14], "texture": "#0"},
				"east": {"uv": [2, 4, 4, 12], "texture": "#0"},
				"south": {"uv": [4, 2, 12, 4], "texture": "#0"},
				"west": {"uv": [12, 4, 14, 12], "texture": "#0"},
				"up": {"uv": [4, 4, 12, 12], "texture": "#0"},
				"down": {"uv": [4, 4, 12, 12], "texture": "#0"}
			}
		},
		{
			"name": "Post",
			"from": [7, 2, 7],
			"to": [9, 8, 9],
			"faces": {
				"north": {"uv": [2, 2, 4, 8], "texture": "#0"},
				"east": {"uv": [2, 2, 4, 8], "texture": "#0"},
				"south": {"uv": [2, 2, 4, 8], "texture": "#0"},
				"west": {"uv": [2, 2, 4, 8], "texture": "#0"},
				"up": {"uv": [7, 7, 9, 9], "texture": "#0"},
				"down": {"uv": [7, 7, 9, 9], "texture": "#0"}
			}
		},
		{
			"name": "LowestShadeNorth",
			"from": [2, 8, 1],
			"to": [14, 11, 2],
			"faces": {
				"north": {"uv": [2, 5, 14, 8], "texture": "#2"},
				"east": {"uv": [14, 5, 15, 8], "texture": "#2"},
				"south": {"uv": [0, 0, 12, 3], "texture": "#2"},
				"west": {"uv": [1, 5, 2, 8], "texture": "#2"},
				"up": {"uv": [2, 1, 14, 2], "texture": "#1"},
				"down": {"uv": [2, 15, 14, 16], "texture": "#1"}
			}
		},
		{
			"name": "LowestShadeSouth",
			"from": [2, 8, 14],
			"to": [14, 11, 15],
			"faces": {
				"north": {"uv": [0, 0, 12, 3], "texture": "#2"},
				"east": {"uv": [1, 5, 2, 8], "texture": "#2"},
				"south": {"uv": [2, 5, 14, 8], "texture": "#2"},
				"west": {"uv": [14, 5, 15, 8], "texture": "#2"},
				"up": {"uv": [2, 14, 14, 15], "texture": "#1"},
				"down": {"uv": [2, 0, 14, 1], "texture": "#1"}
			}
		},
		{
			"name": "LowestShadeMiddle",
			"from": [1, 8, 2],
			"to": [15, 11, 14],
			"faces": {
				"north": {"uv": [1, 5, 15, 8], "texture": "#2"},
				"east": {"uv": [2, 5, 14, 8], "texture": "#2"},
				"south": {"uv": [1, 5, 15, 8], "texture": "#2"},
				"west": {"uv": [2, 5, 14, 8], "texture": "#2"},
				"up": {"uv": [1, 2, 15, 14], "texture": "#1"},
				"down": {"uv": [1, 2, 15, 14], "texture": "#1"}
			}
		},
		{
			"name": "MiddleShadeLowerSouth",
			"from": [3, 11, 13],
			"to": [13, 13, 14],
			"faces": {
				"north": {"uv": [0, 0, 10, 2], "texture": "#2"},
				"east": {"uv": [2, 3, 3, 5], "texture": "#2"},
				"south": {"uv": [3, 3, 13, 5], "texture": "#2"},
				"west": {"uv": [14, 3, 15, 5], "texture": "#2"},
				"up": {"uv": [3, 13, 13, 14], "texture": "#1"},
				"down": {"uv": [0, 0, 10, 1], "texture": "#1"}
			}
		},
		{
			"name": "MiddleShadeLowerNorth",
			"from": [3, 11, 2],
			"to": [13, 13, 3],
			"faces": {
				"north": {"uv": [3, 3, 13, 5], "texture": "#2"},
				"east": {"uv": [13, 3, 14, 5], "texture": "#2"},
				"south": {"uv": [0, 0, 10, 2], "texture": "#2"},
				"west": {"uv": [1, 3, 2, 5], "texture": "#2"},
				"up": {"uv": [3, 2, 13, 3], "texture": "#1"},
				"down": {"uv": [0, 0, 10, 1], "texture": "#1"}
			}
		},
		{
			"name": "MiddleShadeLowerMiddle",
			"from": [2, 11, 3],
			"to": [14, 13, 13],
			"faces": {
				"north": {"uv": [2, 3, 14, 5], "texture": "#2"},
				"east": {"uv": [3, 3, 13, 5], "texture": "#2"},
				"south": {"uv": [2, 3, 14, 5], "texture": "#2"},
				"west": {"uv": [3, 3, 13, 5], "texture": "#2"},
				"up": {"uv": [2, 3, 14, 13], "texture": "#1"},
				"down": {"uv": [0, 0, 12, 10], "texture": "#1"}
			}
		},
		{
			"name": "MiddleShadeUpperMiddle",
			"from": [3, 13, 4],
			"to": [13, 14, 12],
			"faces": {
				"north": {"uv": [3, 2, 13, 3], "texture": "#2"},
				"east": {"uv": [4, 2, 12, 3], "texture": "#2"},
				"south": {"uv": [3, 2, 13, 3], "texture": "#2"},
				"west": {"uv": [4, 2, 12, 3], "texture": "#2"},
				"up": {"uv": [3, 4, 13, 12], "texture": "#1"},
				"down": {"uv": [0, 0, 10, 8], "texture": "#1"}
			}
		},
		{
			"name": "MiddleShadeUpperNorth",
			"from": [4, 13, 3],
			"to": [12, 14, 4],
			"faces": {
				"north": {"uv": [4, 2, 12, 3], "texture": "#2"},
				"east": {"uv": [12, 2, 13, 3], "texture": "#2"},
				"south": {"uv": [0, 0, 8, 1], "texture": "#2"},
				"west": {"uv": [3, 2, 4, 3], "texture": "#2"},
				"up": {"uv": [4, 3, 12, 4], "texture": "#1"},
				"down": {"uv": [0, 0, 8, 1], "texture": "#1"}
			}
		},
		{
			"name": "MiddleShadeUpperSouth",
			"from": [4, 13, 12],
			"to": [12, 14, 13],
			"faces": {
				"north": {"uv": [0, 0, 8, 1], "texture": "#2"},
				"east": {"uv": [3, 2, 4, 3], "texture": "#2"},
				"south": {"uv": [4, 2, 12, 3], "texture": "#2"},
				"west": {"uv": [12, 2, 13, 3], "texture": "#2"},
				"up": {"uv": [4, 12, 12, 13], "texture": "#1"},
				"down": {"uv": [0, 0, 8, 1], "texture": "#1"}
			}
		},
		{
			"name": "UpperMiddle",
			"from": [5, 14, 6],
			"to": [11, 15, 10],
			"faces": {
				"north": {"uv": [5, 1, 11, 2], "texture": "#2"},
				"east": {"uv": [6, 1, 10, 2], "texture": "#2"},
				"south": {"uv": [5, 1, 11, 2], "texture": "#2"},
				"west": {"uv": [6, 1, 10, 2], "texture": "#2"},
				"up": {"uv": [5, 6, 11, 10], "texture": "#1"},
				"down": {"uv": [0, 0, 6, 4], "texture": "#1"}
			}
		},
		{
			"name": "UpperNorth",
			"from": [6, 14, 5],
			"to": [10, 15, 6],
			"faces": {
				"north": {"uv": [6, 1, 10, 2], "texture": "#2"},
				"east": {"uv": [10, 1, 11, 2], "texture": "#2"},
				"south": {"uv": [0, 0, 4, 1], "texture": "#2"},
				"west": {"uv": [5, 1, 6, 2], "texture": "#2"},
				"up": {"uv": [6, 5, 10, 6], "texture": "#1"},
				"down": {"uv": [0, 0, 4, 1], "texture": "#1"}
			}
		},
		{
			"name": "UpperSouth",
			"from": [6, 14, 10],
			"to": [10, 15, 11],
			"faces": {
				"north": {"uv": [0, 0, 4, 1], "texture": "#2"},
				"east": {"uv": [5, 1, 6, 2], "texture": "#2"},
				"south": {"uv": [6, 1, 10, 2], "texture": "#2"},
				"west": {"uv": [10, 1, 11, 2], "texture": "#2"},
				"up": {"uv": [6, 10, 10, 11], "texture": "#1"},
				"down": {"uv": [0, 0, 4, 1], "texture": "#1", "cullface": "down"}
			}
		}
	],
	"groups": [0, 1,
		{
			"name": "ShadeLow",
			"origin": [8, 8, 8],
			"children": [2, 3, 4]
		},
		{
			"name": "ShadeLowMiddle",
			"origin": [8, 8, 8],
			"children": [5, 6, 7]
		},
		{
			"name": "ShadeUpperMiddle",
			"origin": [8, 8, 8],
			"children": [8, 9, 10]
		},
		{
			"name": "ShadeUpper",
			"origin": [8, 8, 8],
			"children": [11, 12, 13]
		}
	]
}